tid,timd
9,6.343895435
11,6.653904915
16,11.72507954
24,19.30543137
25,13.56959248
40,20.56680679
53,26.99442101
55,24.87634659
60,24.95913315
67,20.66967201
77,13.59730148
82,14.90515327
86,18.96382141
89,13.93184471
112,21.55307388
117,32.73790741
125,10.28415108
126,10.72232056
136,5.271199226
138,16.36966515
141,19.51628113
145,33.63150406
148,8.048064232
152,5.243554115
153,19.88104057
155,6.327383041
159,18.38138199
161,4.808119774
162,13.04510021
163,7.087266445
165,4.396538734
166,31.40964508
174,32.6427002
186,18.26543236
187,21.52852058
189,14.22992897
190,17.54611778
191,18.53263855
192,24.37481308
193,15.85828781
195,15.83127975
197,4.096748352
201,8.037164688
202,14.5440588
203,21.63556671
204,24.2645607
206,20.88529587
207,5.33271122
213,5.974223137
215,39.51327133
226,20.48627853
234,15.66107941
235,23.44374657
238,12.91090775
258,30.20006752
269,12.17707539
271,14.70476627
276,2.144389868
281,7.41151619
282,12.15623093
294,6.799852848
301,9.108610153
302,5.256806374
314,12.68343258
338,7.036917686
340,9.460659981
342,17.0391655
352,8.927197456
358,11.03896236
362,13.16685677
364,2.554484367
365,11.06385612
374,10.1078043
384,25.77881622
386,15.3183918
389,10.96582603
391,15.44659328
392,18.44419479
404,19.58877373
406,18.95914459
412,21.49264717
417,3.286203384
419,13.21231365
442,7.590381622
446,13.55230904
458,15.91419888
475,16.40218163
481,8.042378426
489,5.48617506
492,6.792716503
502,12.09540939
504,8.972370148
508,3.269002438
514,17.19965172
522,10.17162609
525,11.10479546
526,17.53477859
529,6.584360123
541,10.32744026
545,5.686753273
552,12.403512
557,13.21817589
569,9.356125832
570,17.90021706
571,6.051213741
572,7.009426594
587,6.665019512
593,49.4419899
597,56.6391449
612,16.46404648
614,26.95392799
619,7.355807304
628,14.08136082
629,31.78946686
630,31.14037704
632,7.490069389
634,17.07462883
645,27.14426422
650,6.173500061
661,21.08842087
663,3.289058685
666,3.448100328
667,4.012969971
670,3.245731115
671,4.581553459
685,18.36651802
687,3.203638554
689,16.25026321
690,24.80692673
698,3.349480152
699,6.772768497
717,10.24278641
719,21.93928528
721,8.730676651
726,11.19643974
728,27.93376923
767,4.265906334
768,1.472797394
769,7.586223125
771,28.62711143
778,6.748880863
780,2.855217934
781,6.822581768
784,24.11104202
785,22.43397522
793,47.07578278
804,11.0737381
814,15.96695805
816,13.11365128
822,11.94388199
823,20.99802399
827,10.1464386
830,10.75501633
845,4.664282322
846,3.635403633
851,3.730816126
853,7.780873775
854,3.843745947
855,7.765295982
857,6.856257439
859,3.982310295
860,2.604676008
861,6.939007282
869,21.35055161
870,17.4769516
876,20.22862625
882,12.93536091
887,3.045492172
892,8.86857605
894,4.326991081
897,3.090974569
899,10.2623148
910,13.63668823
917,21.95727921
919,19.91378784
922,12.18744087
929,6.955824852
935,4.726554394
951,26.71236992
954,18.0136795
955,16.57984161
956,9.93656826
968,5.496498585
987,3.6080966
988,27.02389336
995,10.92064857
999,13.74432755
1000,14.81683731
1007,13.06573486
1013,9.922908783
1014,14.75157356
1015,34.36001587
1016,26.36608696
1019,2.984668732
1021,18.8794632
1058,26.43083572
1059,19.57586479
1060,28.22779465
1062,18.46865845
1072,20.12226105
1080,2.628283024
1081,2.317049026
1088,17.45726776
1089,12.27839375
1093,5.822303295
1098,22.28976822
1102,6.402655602
1104,19.53523064
1105,10.83566093
1116,13.60282898
1117,16.17500114
1120,14.32625198
1125,12.84272003
1132,11.37751579
1134,9.069286346
1136,10.76095772
1137,13.86691475
1140,9.726636887
1141,13.25497055
1150,11.18005753
1151,14.09671211
1154,15.26301956
1165,10.60038376
1167,14.2878952
1169,14.99267292
1171,8.066289902
1177,11.12663746
1196,11.14064598
1200,11.58066273
1207,19.7028389
1214,9.334196091
1218,12.89166832
1228,3.689012527
1229,5.760922432
1230,5.782517433
1239,18.63451767
1240,15.72881794
1248,15.57688904
1252,8.404317856
1262,11.62490749
1267,8.797617912
1271,14.0911932
1279,14.28025627
1283,10.63835621
1286,20.07121468
1289,35.75490189
1296,6.155949593
1300,20.63125992
1304,9.08086586
1306,22.55182648
1307,27.31433296
1312,6.213037491
1316,18.47644424
1319,10.9419384
1324,15.72253323
1341,10.48195457
1342,3.846360683
1361,5.651518822
1363,21.01619339
1367,7.825737476
1376,6.346979141
1380,14.13425064
1381,15.49718094
1382,19.3166256
1389,16.45552254
1401,15.61702919
1403,5.585490704
1409,3.762966156
1424,16.60482025
1428,11.26926041
1431,11.01969719
1435,12.19602966
1445,1.886863232
1447,1.313735843
1460,9.678275108
1481,17.4340477
1492,23.42524529
1500,17.73832893
1517,5.126161098
1518,10.57522964
1519,5.089535236
1524,4.685214043
1529,10.63645363
1531,18.61615372
1538,15.60980225
1542,17.54319763
1546,21.10354614
1549,9.031318665
1551,9.718214035
1556,3.670040131
1581,9.046567917
1585,20.02441216
1589,21.81920624
1605,7.459488869
1607,19.03454018
1619,3.878283024
1622,7.429258347
1625,5.113219261
1627,17.51332474
1628,10.46539688
1629,10.56716537
1633,13.22400188
1636,18.04120064
1637,18.55400848
1638,7.135374069
1645,14.21552849
1646,9.713449478
1651,26.67823219
1667,22.58295822
1673,7.023596764
1678,20.05933952
1679,14.91020966
1682,11.16744614
1685,19.56024551
1695,37.68273163
1696,15.75476646
1700,10.47674751
1708,7.115581512
1724,12.32914352
1727,11.56906605
1733,23.08499527
1734,11.84556103
1735,14.23579216
1742,30.12432098
1750,6.143028259
1753,32.11511993
1756,35.59877396
1757,22.2829113
1759,6.384536743
1761,3.755921841
1762,8.503613472
1763,5.101190567
1772,8.21600914
1774,18.44008636
1778,14.60916519
1792,25.10498238
1798,6.594782829
1802,12.39447021
1806,10.71233749
1810,33.03193283
1813,27.98258209
1816,9.864700317
1819,24.42781067
1823,5.875376701
1826,21.89406776
1828,9.884166718
1842,16.25809479
1848,17.0038662
1852,21.68793488
1854,15.35206795
1855,27.98653793
1856,22.13482475
1863,37.0312233
1868,6.128216743
1875,3.70846796
1881,9.385095596
1892,15.68632698
1895,9.094274521
1898,20.6778717
1899,13.98607826
1906,4.381817818
1907,4.507041931
1908,14.07502937
1913,17.26246262
1914,15.75641823
1917,12.58515263
1920,11.69931412
1925,22.8679142
1930,14.03214836
1931,8.753177643
1932,6.24181366
1933,9.108215332
1936,6.563920498
1939,19.27148056
1942,12.62898064
1948,15.0314064
1958,5.658108711
1960,4.342886925
1969,16.5667305
1970,8.849102974
1974,17.05569267
1980,7.89525795
1986,5.933792114
1988,6.650496006
1990,8.080482483
1993,9.804954529
1998,2.504999638
2005,13.47922993
2007,12.0085144
2011,23.76058006
2014,11.19227409
2023,4.976543427
2027,6.174268246
2032,1.813075304
2033,3.028113842
2044,7.92072773
2048,5.677546024
2049,1.9417274
2050,6.553812981
2064,19.60340691
2071,29.93606758
2082,16.68434143
2092,22.65369415
2093,10.16669083
2096,9.000777245
2097,10.73740005
2100,9.460180283
2103,12.44034386
2104,7.264519691
2105,8.013879776
2106,8.070490837
2113,19.10987854
2116,9.23941803
2120,15.99018002
2125,19.79715729
2137,38.09873199
2139,36.18584442
2143,10.19449902
2151,17.77429581
2159,24.97589111
2169,24.46618271
2176,21.10867691
2179,9.624450684
2187,19.70488548
2190,11.48999214
2192,6.838461399
2193,30.71558762
2196,60.3053894
2198,14.75743198
2200,12.68459034
2204,11.44729805
2217,5.996249199
2219,11.95891762
2224,11.29948139
2230,12.17985725
2242,11.36430168
2243,21.60249901
2257,11.35769272
2261,12.44113445
2278,30.66321945
2282,33.03469086
2285,7.489279747
2289,8.539144516
2292,18.55576324
2294,7.007960796
2295,30.66349983
2307,8.618379593
2327,11.14425087
2330,9.708088875
2336,8.014520645
2343,17.05908203
2352,7.404130936
2353,19.23625565
2356,17.69636154
2365,7.999997616
2368,24.81157875
2376,6.66285038
2378,1.353377819
2382,47.90154266
2384,27.42251396
2385,15.59673119
2396,5.630695343
2421,6.858345985
2424,26.5198307
2426,6.153151989
2427,6.3103652
2430,11.07590961
2437,14.47773552
2440,15.87990952
2443,8.925735474
2451,14.05772972
2454,20.71424103
2461,8.038123131
2468,2.145965576
2469,12.04478836
2472,6.680077553
2475,9.241436005
2479,13.23711205
2482,13.38893127
2489,29.65942001
2490,7.101611137
2491,11.34605408
2494,7.51241684
2502,7.732474327
2520,10.4941349
2524,18.24784088
2530,25.1031456
2535,11.69179726
2539,14.65917397
2551,16.0550499
2555,25.4254837
2557,14.18277264
2563,5.454227448
2568,12.90535641
2573,15.87305832
2581,15.24905586
2590,14.20043182
2591,3.220498562
2597,5.363406658
2599,15.52294254
2600,17.44036293
2610,23.02475357
2612,15.16219711
2618,8.552728653
2632,12.15208244
2642,10.16943836
2643,5.187578678
2658,26.07592583
2659,13.02030182
2660,12.91925526
2665,13.07287025
2667,26.40728569
2668,3.778353214
2674,3.044460297
2690,4.224766254
2693,8.57178688
2695,15.45169353
2696,9.694451332
2700,18.37139511
2708,23.14011955
2711,8.946822166
2717,17.60468864
2719,25.67083931
2720,20.70123291
2735,12.60838985
2738,20.2356205
2745,19.65393639
2747,22.51479149
2757,3.960328579
2761,11.80688286
2763,4.507786274
2775,25.32709694
2779,20.009758
2780,32.6517868
2787,25.366642
2800,13.49901199
2808,8.591599464
2817,10.92632771
2827,12.20405006
2828,10.77662945
2832,15.77273273
2839,10.34746075
2844,21.13740921
2849,17.1666832
2850,7.163532734
2852,11.6516943
2863,18.41552353
2866,15.68116188
2869,18.72868156
2871,16.22737694
2875,11.79540825
2890,21.94703484
2891,8.516776085
2895,4.998133659
2911,18.19135284
2914,5.187912464
2951,18.60956573
2964,13.91136646
2967,4.659954071
2969,4.086376667
2975,14.03638458
2983,23.59100533
2985,11.43496037
2989,17.13781738
2994,10.6666441
3004,13.08582115
3005,9.854780197
3009,33.66029739
3020,11.77772331
3028,11.88187408
3041,28.31511879
3051,11.41861916
3052,6.865720749
3054,16.9304657
3067,20.19773293
3072,31.70035362
3074,7.442615032
3081,19.81300354
3083,9.423155785
3086,17.79921722
3093,14.42523766
3103,20.8820076
3112,25.03047943
3129,17.38980103
3134,16.34483147
3137,4.592708588
3141,18.20614624
3152,17.66753387
3155,5.58513689
3163,21.82582855
3167,23.8422718
3178,6.161525249
3180,28.31549454
3186,19.45013428
3191,13.94873619
3216,17.54945374
3224,13.99705124
3225,23.82253265
3228,8.959797859
3236,23.48150444
3249,26.41064072
3252,4.331207752
3253,10.5678215
3259,4.978079796
3262,30.62512207
3266,19.55540466
3267,12.34777546
3273,12.55500507
3291,9.577634811
3292,10.34677887
3294,10.87880993
3300,10.75201797
3303,18.85329819
3304,17.10401535
3306,17.15434647
3311,26.97444725
3313,19.9348526
3321,9.001438141
3327,12.33233261
3342,22.43186951
3343,18.64071274
3348,12.71691513
3356,6.627597809
3361,30.88230896
3363,9.643104553
3368,3.032700539
3373,18.76373482
3374,18.19913483
3380,11.49092579
3384,17.82890511
3391,15.79779053
3408,16.01540184
3414,20.85206223
3417,9.731326103
3419,19.90735626
3423,9.174499512
3430,8.908432007
3436,15.79943657
3439,5.259653091
3440,17.45467758
3444,12.90554905
3450,1.432101011
3452,9.786811829
3453,7.582876205
3456,7.892069817
3471,16.9220314
3476,33.61317062
3490,17.56694412
3500,14.84042549
3506,2.085460663
3516,3.908828735
3521,17.96231079
3530,7.98771286
3551,17.14814568
3552,8.595763206
3553,6.352926254
3554,7.973344803
3556,2.080285072
3561,6.717318535
3568,9.043498993
3583,11.96393776
3586,3.218593836
3596,9.18956852
3600,5.945593834
3606,8.735589027
3610,4.282585144
3627,23.69700623
3629,11.07850647
3630,5.562526703
3631,13.38123894
3636,5.307705402
3640,9.939125061
3642,6.780899048
3644,2.097176075
3645,5.549701691
3648,11.17375851
3654,15.67202759
3664,10.37727737
3667,16.51546097
3676,25.08141327
3683,14.13396072
3687,7.076476574
3696,16.43174362
3701,16.0869751
3709,22.49817276
3712,8.124238968
3713,15.57384014
3716,16.53627586
3719,7.211104393
3726,9.90372467
3727,7.60048008
3731,14.97185135
3738,19.08133507
3741,12.11008167
3744,16.8855629
3748,15.75971508
3750,9.070820808
3754,3.131491184
3756,10.29073524
3760,7.16843462
3762,20.41805649
3764,15.30857944
3765,14.07847881
3791,9.126583099
3797,6.769738197
3802,4.308342934
3805,14.54355621
3810,13.3107357
3812,22.14622879
3814,2.491844177
3816,12.78675079
3818,11.93694496
3825,17.62210846
3828,9.454616547
3830,14.12874794
3832,11.71837997
3839,17.44160271
3841,14.41346169
3849,12.97887993
3850,11.69768143
3863,12.21879578
3864,10.02195072
3866,14.28426933
3868,12.23887825
3871,24.3277626
3890,13.89377403
3893,26.20311356
3900,12.81447601
3906,13.6052103
3911,6.802867889
3913,31.95314789
3915,40.23102188
3927,11.80819511
3935,10.18669128
3943,19.11009598
3967,21.8455925
3970,25.23326492
3972,5.265837669
3983,7.757179737
3987,9.766271591
3998,11.55239677
4000,16.62526703
4009,6.93298912
4014,17.79201126
4017,14.50752449
4018,5.745574951
4020,14.35619164
4033,5.425807953
4079,15.45919037
4082,11.10321045
4088,15.05962372
4090,11.39844131
4107,3.366338253
4108,1.644145131
4109,6.508862495
4114,7.259256363
4117,14.97984123
4131,17.69826508
4133,10.95090103
4134,9.362326622
4135,6.184757233
4138,3.355816126
4142,8.871599197
4145,12.07109928
4146,30.27114868
4158,14.3847723
4164,21.52033615
4167,5.522902966
4171,20.48179054
4172,14.2101059
4173,6.283811569
4177,37.25401688
4188,5.020460606
4195,18.05989265
4208,14.86939049
4212,14.08788013
4213,9.999418259
4214,14.02781677
4232,17.74005127
4234,16.65602875
4236,29.05494118
4243,19.2137413
4251,13.11918926
4255,12.21901226
4263,21.82465744
4276,6.487013817
4283,9.744129181
4287,27.9104805
4297,19.66552734
4300,7.724900723
4312,4.952533722
4330,16.71496391
4331,6.869161606
4334,7.353437424
4346,13.55064392
4357,4.941168785
4358,4.692701817
4360,8.981285095
4361,32.81514359
4363,11.51223564
4370,13.38915825
4378,15.27471924
4380,24.62217331
4389,12.20239258
4390,27.4272995
4396,4.920998573
4425,3.43390131
4426,4.760821342
4430,7.724461079
4431,6.816556931
4432,4.697399616
4434,7.942502975
4437,16.22964478
4440,4.037829876
4443,24.41402245
4444,8.383727074
4451,9.573245049
4452,6.372217178
4458,11.8700428
4460,13.2480669
4465,12.77049446
4470,6.76181221
4478,11.04737186
4481,8.544408798
4485,2.75769186
4491,1.057483912
4492,1.151965737
4493,7.342383385
4494,5.74048996
4495,3.723291874
4497,11.79190826
4499,4.615996838
4507,18.44255829
4517,6.307076931
4523,16.75263977
4529,20.95156097
4531,20.67196655
4538,15.76461029
4543,21.74576187
4544,11.29186249
4555,20.32129097
4557,2.582086563
4559,2.892807961
4566,16.26792145
4583,16.73012543
4594,8.657049179
4599,3.585205555
4611,6.188851357
4615,2.959957838
4616,0.894756794
4621,18.8527298
4627,10.55181503
4628,4.61613369
4632,15.34945488
4642,14.2939949
4644,7.020829201
4648,6.906596184
4650,1.444440842
4652,13.19515419
4658,7.647464752
4662,29.19873428
4666,18.07803535
4669,15.96502876
4670,59.60457611
4673,3.445436716
4675,14.12694931
4697,17.09214973
4703,5.882932663
4719,13.31192398
4727,21.92829323
4728,12.26000595
4729,8.316230774
4735,17.01062965
4736,29.15641022
4737,21.02636719
4748,8.564035416
4757,18.07835007
4760,20.26684189
4761,20.37158203
4769,11.86738396
4776,7.328249454
4777,1.559496403
4780,19.14756775
4790,18.49478722
4795,4.570969582
4796,4.970509052
4798,3.513625622
4799,7.986042976
4804,13.14795876
4805,4.306202888
4806,5.024477005
4809,15.08711243
4820,18.16614342
4831,23.57579803
4837,30.59428406
4841,9.485071182
4854,14.34425259
4855,6.920959473
4857,12.60655212
4858,13.90415859
4873,16.38029861
4875,18.15242004
4882,40.03863525
4886,11.39764786
4892,4.867853165
4895,3.368899345
4910,7.595913887
4912,11.32911873
4920,5.819002151
4927,8.040792465
4931,5.159218788
4937,9.163106918
4940,35.92809296
4943,6.669174194
4944,16.72842216
4945,7.546257019
4946,23.5404644
4956,27.12592697
4958,19.40664101
4964,21.77269745
4967,15.40817356
4971,11.97278023
4976,6.436686516
4986,24.63289833
4987,7.369161129
4994,8.763946533
4996,7.120452881
4997,11.49606133
4998,13.10383797
5010,7.931129456
5016,10.97415543
5017,18.10911179
5021,3.833248138
5029,10.70220089
5036,27.71232605
5039,8.802862167
5051,7.963698387
5052,9.628424644
5054,4.900875092
5055,8.967453003
5056,13.11598969
5057,30.11153221
5073,11.99141884
5074,7.843085289
5075,4.979642868
5078,5.825334549
5084,15.37243366
5085,7.245173454
5097,14.6692276
5103,20.01423264
5104,10.69113731
5105,10.48463726
5109,12.00890923
5110,11.46088123
5119,15.48082733
5122,10.61897182
5124,29.50494766
5126,12.00230789
5132,7.493643284
5136,7.890472412
5162,8.804389
5177,3.697583675
5178,10.10269547
5179,11.51144505
5185,8.483701706
5189,10.33085918
5208,17.66255951
5213,18.67626572
5223,23.95658112
5232,11.99465275
5233,28.52275085
5237,8.385829926
5238,6.264615059
5240,7.399313927
5242,7.346088886
5243,13.40016079
5249,8.244651794
5251,19.78309059
5258,17.8554821
5276,23.14745331
5283,24.54227829
5285,16.33530045
5287,24.76539612
5295,17.84412003
5299,11.37342072
5301,14.32806015
5307,18.1677742
5310,10.46257687
5311,8.122220039
5320,6.369294167
5330,9.49355793
5334,7.573054314
5342,35.43139267
5347,8.742133141
5355,6.425683022
5366,5.67034483
5370,21.89631844
5373,18.67455292
5374,18.27944946
5387,5.827519417
5390,3.511788845
5395,2.307617188
5408,2.674653292
5410,3.129138947
5415,24.4995575
5423,17.13553238
5429,29.22192383
5432,4.890762329
5433,9.407841682
5435,17.59688187
5439,19.19072723
5442,22.44981575
5445,7.956336975
5447,28.23574829
5448,9.184999466
5450,11.47955799
5451,6.632946014
5469,2.687328339
5475,16.49747849
5476,18.75209427
5482,14.0612011
5486,17.19594193
5488,12.61737823
5490,14.47819424
5495,2.438059092
5498,3.322467089
5509,9.760856628
5510,6.638114452
5520,10.01640701
5530,3.419623613
5536,19.73143387
5539,17.18507385
5542,19.86215782
5546,4.702700615
5552,14.27460098
5560,5.971032143
5565,14.90814972
5569,22.02944183
5571,18.46412277
5574,10.34423065
5585,20.57709503
5588,13.61624718
5590,15.44329262
5592,16.14748573
5600,23.56250572
5618,4.830695629
5619,8.86132431
5622,8.304798126
5624,4.007898331
5626,10.48438263
5628,11.19772243
5633,3.907604218
5634,2.492054462
5637,16.90283775
5644,3.611187935
5645,22.78343773
5655,10.50314713
5656,7.620620251
5660,17.8087368
5661,55.04398346
5668,28.23732567
5669,24.40356064
5675,19.95760345
5686,8.941949844
5690,18.52915955
5693,8.722966194
5694,4.526504517
5699,6.128569603
5704,5.939728737
5710,13.57004261
5713,8.314340591
5722,11.26501656
5738,5.777271748
5741,13.13138485
5744,6.802062511
5745,5.521873474
5750,9.879536629
5752,9.246582031
5755,6.975434303
5757,8.089836121
5759,19.8170166
5772,9.626947403
5774,32.45975113
5776,18.87870026
5779,27.54271317
5782,15.64867783
5788,18.26525879
5791,11.64837551
5793,18.10181999
5797,1.65178144
5801,24.11743546
5808,10.2954731
5810,7.022677898
5818,23.40099335
5827,2.300728083
5831,7.150829315
5832,10.49790573
5842,2.773769855
5845,1.473383546
5850,9.790809631
5855,9.113641739
5867,7.425445557
5870,7.884708881
5878,31.1401844
5881,3.654849052
5889,9.253606796
5891,5.241147041
5892,22.19445038
5895,27.0741291
5906,14.25335407
5907,14.19861889
5926,15.9637022
5939,2.266314983
5941,6.701731682
5944,19.46209335
5946,34.51470184
5949,14.46380997
5951,4.895501614
5959,20.54700089
5978,11.43554688
5984,9.695263863
5986,18.67258644
5988,11.56173897
5989,3.624899387
5991,19.30527878
5997,26.05433273
6012,9.648054123
6019,21.94655609
6031,13.85217667
6033,7.129549026
6042,15.3934536
6043,18.13153648
6046,7.653021812
6059,18.51321793
6079,20.37776566
6082,12.6823988
6090,10.36211205
6093,11.73905849
6094,24.08800125
6099,10.24683094
6121,17.77453232
6122,22.5023365
6129,19.67758942
6139,11.80944252
6140,10.46180725
6150,5.966708183
6154,15.97702408
6155,30.86814308
6160,31.46577072
6168,5.822766781
6171,19.06265068
6172,15.973423
6183,5.844043732
6184,9.879120827
6190,15.5938015
6219,14.58430099
6229,9.604131699
6233,16.33381653
6236,13.83843422
6238,11.9690361
6251,15.78827858
6254,2.299141407
6256,8.34445858
6261,13.11084557
6262,12.56094837
6265,8.541072845
6269,14.98389816
6272,35.54447174
6276,20.59676552
6283,1.747843981
6288,25.6508255
6294,8.816291809
6295,31.89230537
6297,16.83373833
6303,21.18379593
6304,39.15782928
6313,14.71667671
6314,18.32088661
6317,13.32553101
6318,24.24373436
6331,18.09836006
6336,17.50516319
6342,26.88664818
6344,21.08111191
6353,23.18435287
6359,29.05116653
6361,9.036533356
6368,28.99349594
6370,25.51207542
6374,23.75402069
6376,15.5050993
6396,22.95546341
6397,11.28714943
6406,11.31300354
6410,24.67855453
6411,5.970796585
6416,11.33618927
6426,20.91362381
6430,8.307924271
6432,9.646648407
6439,4.652574539
6441,3.740466356
6445,3.393933296
6446,5.316897869
6450,16.55921173
6456,7.696750164
6465,12.2212429
6469,7.360373974
6471,3.943479776
6474,5.608192444
6476,7.214496136
6488,10.8872261
6493,17.62405968
6511,6.11304903
6514,6.274694443
6519,13.13866997
6530,24.63169479
6539,14.12275982
6542,9.809155464
6546,9.697648048
6548,20.92745399
6555,15.78156662
6563,7.141744614
6564,10.83038712
6565,8.997814178
6570,22.15584755
6573,6.255607128
6581,7.787802696
6582,6.007740021
6585,12.4982357
6587,11.98001862
6588,12.61143589
6591,4.106389046
6610,20.56734848
6614,10.02435684
6616,7.991588593
6622,11.34420776
6623,8.785237312
6629,10.97793007
6638,8.391227722
6640,47.14513779
6642,20.0931015
6643,7.710197449
6644,13.03568268
6645,11.09302235
6652,20.27287292
6655,25.608078
6675,15.01671028
6696,7.990265846
6704,7.812346458
6710,11.75844765
6716,17.15044403
6718,13.83130836
6721,25.04035187
6722,17.31511879
6731,19.56028175
6736,8.224761963
6737,16.52610588
6738,24.44226837
6764,20.70353699
6767,9.078993797
6771,18.74706268
6773,20.37056732
6774,5.591794968
6776,16.89411163
6796,7.479616165
6799,15.31556225
6801,20.61220169
6807,41.51392365
6811,15.47726822
6816,16.7368145
6819,11.68821526
6823,12.66355133
6833,7.028330326
6837,12.38625622
6838,12.75514984
6852,5.820827484
6855,3.923130751
6859,11.83686447
6873,20.4186554
6881,9.58351326
6882,5.259578705
6894,39.82788086
6898,12.84634686
6905,30.2534523
6910,34.30030441
6917,48.70371246
6924,29.01335526
6938,15.17205429
6941,20.53167343
6943,9.485928535
6949,14.96336842
6953,16.8969593
6960,13.76654816
6966,20.76408195
6968,6.180360794
6970,3.599596024
6971,29.32807159
6972,5.365720749
6979,15.2531414
6980,19.9629612
6981,14.60054207
6982,8.97621727
6988,10.86452389
6989,1.547442317
6990,9.320593834
6992,7.048275948
6996,21.58538437
7005,28.29312897
7006,17.45789337
7009,13.90273857
7010,9.217302322
7011,15.72559452
7016,9.316783905
7022,4.426335812
7031,12.8549881
7041,6.784460068
7052,11.81696892
7056,12.40637016
7057,17.46602631
7059,7.702771187
7064,8.418200493
7069,5.899563789
7079,18.48745728
7081,20.32653236
7082,24.72339439
7083,20.68068123
7084,22.24237061
7096,22.77748489
7099,4.337339401
7106,17.16272354
7114,12.78881264
7119,7.194721222
7122,13.19438839
7123,10.63383484
7124,7.855652809
7128,44.70122147
7133,21.84474754
7137,12.82179165
7147,21.89175034
7154,9.720152855
7156,11.29794598
7158,21.61711693
7162,34.81972122
7165,4.52662611
7166,5.316354752
7179,21.56600952
7183,27.2046814
7184,16.33404922
7186,27.04939079
7190,24.00378418
7193,20.38376045
7196,8.739759445
7206,2.56631732
7208,19.20193863
7214,37.03450012
7218,7.717741489
7226,8.48984623
7227,10.93335819
7230,23.02341843
7239,25.83865356
7243,5.677358627
7263,1.838386774
7266,9.378791809
7269,25.09019089
7274,26.16588211
7287,15.13532257
7291,20.0210247
7295,9.790561676
7296,4.677558899
7311,7.01894331
7312,9.265895844
7314,19.46775055
7323,9.321152687
7340,5.063117027
7343,12.62305355
7345,6.247071266
7350,9.731277466
7352,15.17948914
7355,28.26288605
7357,10.20754147
7373,11.04407215
7374,17.10968971
7382,24.24776459
7390,6.198160648
7392,5.424010277
7400,3.595328808
7404,8.631155014
7415,8.109930992
7418,16.66742134
7421,24.50489044
7424,19.79299736
7426,26.0057373
7429,13.87959671
7446,11.83346367
7455,16.54650497
7461,12.99851418
7480,11.01186943
7483,14.26570415
7485,15.53464508
7491,10.21409607
7494,11.19570255
7519,19.92776299
7526,16.05714989
7531,43.26922607
7543,10.44268417
7544,18.01262283
7560,12.74557686
7561,24.62228203
7564,5.208683968
7574,17.63142204
7577,13.43897438
7587,14.3890295
7595,21.28308868
7597,22.32003021
7604,6.2645154
7610,10.15758324
7611,14.49646664
7617,8.816837311
7618,15.56018257
7619,6.530153751
7622,19.77595711
7629,15.19320297
7643,14.12173462
7651,8.697286606
7657,11.34324741
7659,20.03527451
7673,25.5821476
7674,21.66619873
7679,28.03477859
7684,16.64479065
7692,31.48166656
7697,13.63880539
7710,2.011390924
7715,12.18727684
7736,26.3126049
7737,13.21349716
7742,20.16353607
7777,15.05499077
7778,17.84872818
7783,11.46317863
7788,10.18389225
7804,6.255561829
7805,17.07641029
7812,10.78767395
7813,8.792650223
7815,7.506745338
7817,28.31157494
7818,32.31291199
7823,6.803796768
7829,12.56709671
7832,18.79486084
7835,13.75015068
7846,12.65779495
7848,13.90400982
7851,16.25133133
7863,27.98724365
7866,6.262684822
7896,14.17802811
7906,10.2460413
7909,14.15330505
7927,36.40878296
7929,9.82122612
7935,15.87818146
7941,14.9852438
7943,10.20293903
7950,9.517597198
7967,18.16361237
7970,20.77933311
7973,4.250395298
7979,5.399964809
7984,8.419101715
7987,7.170388699
7989,6.646822929
7992,20.43766403
7993,17.19568634
7994,5.506217957
7996,19.80589867
7999,15.64103127
8004,21.21569824
8006,6.372366905
8007,12.07078838
8016,14.91068172
8017,9.975849152
8024,11.04952621
8026,14.13015556
8036,24.89933014
8038,7.010665894
8041,9.830114365
8050,6.695636749
8053,4.861990929
8068,7.038179398
8070,18.84572601
8073,5.903906822
8078,15.80917931
8080,25.57386971
8096,10.14907455
8110,3.413890362
8112,11.75106239
8120,18.69201279
8125,12.6434803
8130,10.72950363
8133,14.50365829
8150,31.35326576
8152,13.58591843
8155,8.121851921
8160,7.106744766
8162,6.480185509
8172,23.68598557
8173,18.57021141
8175,17.75803566
8189,19.65907478
8199,17.35477066
8202,10.00522423
8208,32.44813538
8210,13.87978554
8224,10.31639194
8226,21.31695747
8228,9.034265518
8230,11.75840759
8234,18.70344734
8235,43.65266037
8244,15.61065102
8245,16.25095558
8252,14.71335316
8258,27.80540085
8259,10.76664162
8263,23.61526871
8264,4.671847343
8275,4.320310593
8277,14.73391151
8286,34.11018372
8305,16.88359451
8307,24.94817734
8308,21.08176804
8311,7.567082405
8312,15.43614674
8315,5.517348289
8321,13.79976082
8322,7.029611111
8325,10.62789536
8326,9.185483932
8328,12.88370514
8329,4.441133499
8333,10.49236774
8335,6.405192375
8338,20.18211365
8347,14.97590733
8356,32.52719498
8357,19.59786797
8363,6.771229744
8367,27.52020264
8385,7.996706486
8389,1.928679228
8392,4.80463028
8397,11.12687778
8399,6.354316711
8415,8.335762024
8417,11.96167946
8427,25.95947075
8428,9.585138321
8429,6.868244171
8436,23.13399887
8438,9.285593033
8448,23.63118744
8461,9.113880157
8467,7.126660347
8472,5.579557419
8475,13.04121017
8490,14.44619751
8491,21.85212135
8502,26.65167427
8512,12.42960548
8519,17.62624168
8529,6.417374611
8533,6.094614029
8535,6.981438637
8547,7.731420517
8548,8.346670151
8549,0.841051698
8553,17.55795288
8555,8.41313839
8556,33.65408325
8560,11.92448711
8566,7.539453506
8567,3.67218709
8571,10.06078911
8577,13.57312012
8578,101.5574646
8580,24.82021713
8592,3.735623837
8595,3.024631977
8597,9.773666382
8605,4.66770649
8633,9.548591614
8636,10.69423485
8640,9.376785278
8646,10.97071838
8652,29.56666565
8656,13.81936169
8659,33.32737732
8662,5.928854465
8680,16.86359978
8682,25.66212463
8690,14.1570015
8691,34.6301384
8705,12.06097507
8707,21.38871002
8711,20.52873421
8712,16.92772675
8716,17.51353073
8717,18.17485428
8734,6.010063171
8752,23.62716293
8754,5.638828278
8755,22.67151642
8767,17.04884338
8770,19.17525864
8782,10.68287754
8783,10.75472546
8792,27.54432297
8795,21.33519363
8800,19.74543381
8808,21.24161911
8811,17.69568443
8820,7.248463631
8837,11.50872612
8838,15.31448746
8841,11.47737694
8853,19.27810669
8859,17.87775803
8884,22.40828514
8894,5.987176418
8905,6.519385815
8906,11.6527977
8912,40.31183243
8920,3.510452747
8921,9.425499916
8924,17.40507126
8927,34.88568497
8933,21.01913071
8942,28.33690643
8946,13.9754343
8964,9.598096848
8984,21.15216637
8987,9.672828674
8996,9.389948845
9005,11.71328831
9007,24.31879425
9011,33.54380035
9013,21.18107605
9017,14.60138416
9018,8.354307175
9028,10.09872055
9031,27.16669464
9032,7.263663292
9046,14.90102577
9064,21.07552719
9065,15.44242287
9074,8.380699158
9076,20.90777206
9077,10.7316637
9078,19.84643936
9083,15.64931297
9087,17.34928131
9094,16.23596382
9101,21.94102859
9104,12.66095066
9105,27.0674057
9106,28.83592224
9108,19.99619865
9110,9.313786507
9111,16.26375961
9122,2.57986784
9127,4.324980736
9130,7.900756359
9131,12.30791283
9135,9.775381088
9146,14.32263184
9155,11.9027977
9160,10.18017006
9168,7.184170723
9171,10.86416245
9181,14.97062492
9184,13.91246605
9200,18.76257706
9204,16.84376526
9206,18.74690628
9207,12.34592438
9208,4.779607773
9218,7.969332218
9223,20.98919487
9227,21.8758049
9235,3.768005371
9256,7.719496727
9259,8.762056351
9268,23.75267029
9275,7.090105057
9277,5.652336121
9280,25.45648193
9283,17.79696274
9288,10.70267582
9302,14.34416389
9306,20.81369972
9312,7.078997612
9323,16.03904724
9324,12.88344383
9333,13.72376823
9337,12.87348747
9339,23.1549263
9346,9.810272217
9348,9.819853783
9359,19.79432678
9369,5.125134468
9370,1.736162901
9374,22.35013962
9388,29.81434631
9428,19.85586739
9429,8.087814331
9435,8.903826714
9439,24.11914825
9446,2.340301514
9447,15.5216713
9461,13.59876156
9471,9.206391335
9472,11.85915184
9474,14.84700966
9486,15.03201103
9493,13.82459068
9496,10.98922539
9499,10.20210075
9510,5.433880806
9516,8.248106956
9518,34.08551407
9521,17.5942955
9523,19.04304123
9524,2.365050554
9528,3.244840384
9540,7.739681244
9550,10.6336031
9556,19.27816772
9557,7.299571037
9569,22.82909393
9576,17.71897316
9580,24.59363556
9583,6.936002731
9587,17.43284607
9588,32.26118851
9591,12.80542755
9596,22.55938339
9600,14.68365669
9637,21.98444366
9641,5.993647575
9649,4.903828621
9650,14.35936069
9654,20.52295876
9667,14.57018471
9686,25.09738159
9689,13.3943634
9692,12.19718266
9700,19.17806435
9714,12.06968498
9715,7.030665398
9732,15.56876183
9738,11.18981361
9744,11.93367386
9752,10.37148285
9762,14.46866894
9764,5.532504559
9765,17.75817108
9766,17.5842514
9768,17.39169693
9783,14.26355267
9784,12.50510597
9788,14.65761375
9789,24.85255051
9794,15.51498604
9795,7.527838707
9797,7.734027863
9802,19.22049141
9813,13.66696358
9817,22.29635239
9821,28.24778938
9823,7.809963226
9832,6.601239204
9836,1.746102571
9847,20.18661499
9852,14.53042698
9865,24.71555328
9873,8.509799957
9874,14.78694534
9879,10.14582157
9882,6.517043591
9885,23.40104103
9900,42.8026886
9903,20.68245697
9907,8.343105316
9908,13.24319458
9911,17.36221886
9914,37.36360168
9915,12.81445026
9916,4.845041752
9917,4.946386337
9940,10.06889915
9941,19.32772255
9944,14.42070961
9949,17.91702652
9951,21.18289185
9956,12.4769659
9959,8.66677475
9968,33.34070587
9984,19.04200554
9991,21.13170624
9996,18.42517853
10006,12.23084831
10014,10.33019543
10015,5.813315392
10020,10.31056404
10028,15.59743118
10040,13.08365059
10047,17.66334343
10053,19.23158264
10055,12.85055733
10058,10.31651211
10060,19.82268715
10066,2.793169498
10070,7.447886944
10077,4.027907372
10081,10.49463844
10088,5.666844368
10093,15.8901062
10096,24.39048386
10102,9.120881081
10103,8.548019409
10106,16.86174583
10112,8.31590271
10123,12.25747299
10135,5.427191734
10136,17.95989609
10142,12.04063225
10145,10.02350426
10147,7.958031178
10150,17.49589348
10160,9.874669075
10161,11.4813776
10165,13.4807415
10167,4.391046524
10173,10.88700104
10176,2.56115675
10177,3.821771622
10178,15.86648369
10179,6.920828342
10181,5.473008156
10183,16.71860123
10188,14.36539555
10195,16.42056656
10197,9.15691185
10207,2.554377794
10209,27.72646141
10211,11.68582916
10213,27.3561821
10222,11.76652431
10225,6.033864975
10230,17.0375843
10233,10.52911758
10238,7.388163567
10248,5.234301567
10253,29.84154892
10258,15.40697289
10267,21.34580994
10271,7.96293211
10278,10.61737061
10295,8.019140244
10314,10.70099068
10320,11.47855949
10326,11.1006794
10332,14.32271576
10335,23.17009354
10340,21.54659271
10343,9.954498291
10344,6.569793701
10345,3.481795549
10350,7.536577702
10357,13.58773708
10361,13.16866207
10380,8.8285532
10382,10.05141258
10395,6.263812065
10396,8.902942657
10403,12.32277679
10409,10.67088223
10410,10.72517586
10412,14.26189327
10426,15.31077576
10442,9.806464195
10449,11.57452393
10451,10.24055195
10453,18.60619164
10457,8.334952354
10473,6.850613594
10478,16.18465996
10485,13.22382545
10487,14.36475372
10488,17.35910797
10492,21.36125946
10503,5.834111214
10516,33.13351822
10517,15.45448589
10518,13.99513721
10521,21.74702644
10531,17.97243118
10539,13.62803555
10541,7.144903183
10552,2.931840181
10554,9.426568985
10555,14.03517532
10558,12.93514061
10561,21.75780487
10568,8.938632965
10576,10.57626724
10578,3.803918362
10582,8.111680031
10587,5.019341469
10589,21.18337631
10592,8.340129852
10593,22.5227623
10595,16.47102737
10601,16.07825851
10602,24.78326225
10616,23.50198936
10623,15.18507957
10625,5.986294746
10626,10.07785225
10627,4.65848875
10634,7.523049831
10636,1.425688028
10640,6.082036495
10642,4.843434334
10651,23.51762772
10655,6.196990013
10659,6.662567139
10674,14.33389091
10677,32.10725021
10682,7.962097168
10685,17.49541664
10692,10.32273865
10693,17.76967239
10695,21.58894539
10698,12.32291126
10699,14.93525696
10701,12.33520126
10704,3.523183823
10706,7.639966011
10716,27.578125
10717,16.82658005
10720,31.77929115
10724,8.553789139
10728,26.7937088
10729,17.02688599
10738,6.986628532
10745,7.939211369
10748,3.017000198
10749,14.89007759
10751,16.96057129
10754,30.56801224
10756,19.23527145
10757,23.93511963
10758,17.66119194
10759,6.722197056
10773,1.933579922
10775,18.47818756
10776,14.40813255
10785,18.6659565
10787,7.963422775
10789,12.66259575
10793,31.72547531
10799,21.83626556
10800,10.54621983
10805,6.799716949
10808,15.63538933
10816,46.83952713
10817,14.40996933
10822,7.316381454
10825,10.39533615
10828,29.46324539
10831,36.28790665
10837,29.8827877
10849,11.35683346
10851,20.66188431
10858,12.57800865
10860,22.99355888
10874,13.99097633
10878,19.88505554
10893,25.69877243
10896,25.59222031
10900,19.97902679
10913,15.34726048
10916,10.82113457
10921,24.74654007
10922,27.50730896
10938,15.82771206
10964,1.855309725
10965,3.772268772
10966,11.1531601
10973,25.90446854
10975,7.042017937
10983,12.65175915
10985,8.78892231
10996,1.861355901
10997,6.390627861
10998,25.49472618
11001,23.60730743
11002,29.80076981
11003,22.43692589
11005,18.42011642
11016,2.949573278
11023,9.837700844
11030,2.717534065
11033,19.95427322
11035,15.28104019
11046,16.66274261
11053,7.014996529
11064,17.52548409
11065,17.5605278
11069,22.09176254
11083,5.654690742
11084,31.24784088
11087,7.962788105
11088,29.65863037
11093,22.90484428
11094,19.71361542
11101,26.56468201
11104,10.16644287
11108,8.014164925
11111,28.55723572
11116,14.02625561
11120,24.11063576
11122,4.946798325
11128,5.572061539
11130,13.02162266
11138,13.25484753
11151,1.939013004
11154,15.99860764
11156,19.0803299
11157,3.784557819
11164,31.05500412
11166,13.88919449
11168,12.19319153
11169,8.562280655
11171,3.628515482
11172,8.277794838
11173,8.120940208
11174,15.83781624
11181,15.17438602
11182,9.322576523
11185,2.536628246
11186,8.937615395
11190,1.899219513
11205,20.18985176
11207,10.1268301
11234,11.79568672
11240,15.79679298
11246,17.68890953
11252,8.157589912
11254,12.82886887
11260,2.800071239
11261,20.02197075
11271,15.45232964
11281,16.96768379
11284,3.770859718
11296,22.12782097
11302,14.07350445
11303,12.02131844
11308,7.558753967
11310,10.56723595
11312,4.799720287
11328,4.461468697
11329,18.0202713
11336,14.77506065
11338,11.07285404
11344,6.070834637
11349,13.90887356
11362,10.00662708
11363,8.720481873
11381,13.03940773
11382,26.78450394
11383,22.08686829
11390,13.22391605
11394,11.16281891
11397,6.778616428
11407,15.46982765
11411,20.58113861
11413,12.05367947
11421,13.88109779
11431,14.23430157
11435,9.07390213
11439,4.686866283
11442,4.748047829
11447,4.224033356
11470,15.98419762
11473,8.639496803
11475,9.798570633
11477,19.15159225
11479,19.26121712
11483,11.80887222
11485,14.57331467
11486,16.13571548
11493,32.28412628
11494,21.59432983
11510,11.35284042
11515,14.29019928
11516,6.154798508
11530,2.090827703
11531,18.16799736
11534,5.498485565
11536,14.94528961
11543,24.17214966
11546,20.92594147
11555,10.23025894
11556,11.44707108
11559,9.875164986
11561,12.06345081
11563,21.1918335
11565,31.70012283
11577,2.79945302
11580,23.29708099
11589,8.620036125
11593,25.91256905
11595,12.13311195
11601,7.919303894
11613,22.36210251
11618,14.43797874
11637,18.46045303
11639,12.10576439
11641,13.13429928
11649,25.09437561
11653,20.58823395
11657,22.32092476
11664,11.6627636
11667,14.28287411
11669,22.78710175
11676,17.84434891
11683,20.32948685
11684,14.10478592
11694,4.807559967
11695,1.851157665
11700,5.597794533
11704,9.322397232
11705,23.12807083
11707,10.92203999
11713,16.21429825
11714,26.19454384
11718,8.642918587
11722,6.601150513
11737,14.40305424
11738,6.618831635
11739,24.58876038
11745,26.91764069
11748,9.032366753
11749,6.65884161
11754,2.343137503
11755,1.9694345
11757,8.27545929
11763,12.00825405
11767,5.491793633
11774,9.464998245
11777,11.45018005
11779,7.576627731
11787,4.960408211
11801,10.51714325
11803,15.45576477
11814,12.22460175
11821,5.713328838
11824,9.61722374
11826,18.99750328
11829,19.30743027
11834,1.766310573
11835,0.736512065
11837,19.95446205
11849,16.61994362
11851,19.01423264
11855,19.18856621
11861,8.489459991
11865,5.085760117
11867,4.802906036
11871,5.090511322
11873,12.22839928
11874,24.53614426
11894,4.222646713
11905,19.61601639
11908,11.84373474
11916,19.00297165
11918,11.27590561
11922,2.708306789
11927,10.76218987
11929,9.523303986
11938,21.17063522
11939,13.75058365
11944,10.57275963
11948,29.50971413
11949,8.294520378
11950,5.403280258
11951,5.981281281
11954,8.831227303
11956,8.222639084
11964,13.14509773
11969,5.70119381
11970,16.67943001
11971,26.96973038
11989,5.644430161
11992,7.073689461
11996,9.775793076
11999,20.28252029
12003,23.54735756
12013,19.81538773
12015,8.65483284
12021,13.16408443
12031,2.983331203
12039,5.681052208
12040,13.93936825
12043,2.224139214
12045,8.2905159
12046,9.357500076
12048,13.8184433
12057,7.883284569
12067,3.863175869
12075,7.912460327
12080,8.41018486
12087,12.14546204
12091,20.11088943
12096,18.03872871
12100,8.935618401
12109,16.89395332
12112,2.984279633
12115,10.7287159
12127,40.52632523
12130,11.26620293
12132,12.17991829
12144,14.88242912
12145,17.11306
12149,7.915920258
12150,4.648603916
12155,18.80537033
12158,12.34823227
12161,15.12974072
12168,36.30223083
12173,12.45351601
12174,12.89206123
12175,26.56863403
12178,8.403718948
12180,17.66706848
12182,16.87983131
12183,18.19353485
12185,9.536911011
12192,10.34320164
12197,20.26497269
12199,25.67444038
12206,18.2784977
12207,8.985656738
12208,31.72426605
12219,17.19513893
12226,13.98832321
12232,10.60741997
12234,7.875770092
12236,3.061280966
12237,6.984648705
12249,15.14299583
12251,8.415838242
12253,12.52879906
12254,16.68563652
12258,20.99246025
12265,20.25551033
12275,17.8830471
12278,5.276842594
12289,17.09531021
12297,9.2206707
12298,17.99491882
12306,30.48366547
12312,4.434120178
12316,15.95883083
12323,12.25178146
12327,27.20331955
12328,19.82642746
12329,10.39701462
12330,8.331895828
12336,24.94889832
12337,29.93400002
12338,9.727811813
12342,16.87899208
12345,3.807882786
12355,8.115886688
12356,20.09004021
12360,12.3501215
12373,16.23417091
12380,15.51777172
12383,22.49001503
12391,10.72845364
12394,13.75557899
12411,5.340689659
12413,22.87690353
12415,8.713484764
12418,9.525318146
12424,18.63395691
12448,13.05424309
12449,10.22040749
12452,2.10539484
12453,5.998710632
12464,17.90443802
12466,20.26540184
12468,7.518733025
12473,17.93063164
12474,26.42963409
12485,11.97335911
12497,7.975362778
12500,12.25888062
12502,9.663869858
12504,11.65665245
12508,7.288202286
12533,6.844777107
12541,13.88281822
12576,4.420956612
12582,3.89282155
12583,8.648552895
12588,5.068414211
12592,10.40497303
12595,5.630457878
12600,21.13731766
12602,7.437727928
12605,1.668516159
12607,17.35725021
12611,6.325911045
12625,9.993515015
12629,15.79768753
12638,7.576109886
12640,11.9530468
12641,10.8427372
12647,13.4060936
12651,5.371204376
12652,35.88409424
12666,22.21925545
12676,13.05237675
12677,10.77518559
12682,36.872612
12685,22.43122292
12686,16.66032219
12688,11.76944923
12693,44.42116547
12707,9.277370453
12718,7.332070351
12721,12.97591877
12722,18.98682213
12728,23.65844727
12732,19.70136261
12737,15.05614567
12742,14.09818077
12743,15.46288395
12757,7.300296783
12763,4.865521431
12765,12.46240616
12768,23.29305267
12771,2.073854923
12772,7.133440018
12773,22.35367966
12775,18.56375504
12782,14.45921612
12790,27.45433044
12803,8.740735054
12808,26.06912613
12812,7.216206551
12816,1.096926808
12819,6.643100262
12820,12.07075691
12828,18.00866127
12851,23.43062592
12852,4.094370365
12855,27.48883057
12857,7.066446781
12866,4.956799507
12867,3.077552557
12869,6.208390713
12871,24.88461304
12874,16.12121201
12875,24.01960754
12880,21.69785881
12889,5.726433754
12891,1.764992952
12901,10.99048233
12903,31.78467941
12910,5.612915993
12913,6.909013271
12941,18.32478523
12945,6.72343874
12946,2.825731993
12951,3.558022976
12966,19.17320442
12972,9.722471237
12977,12.23711967
12982,10.28082466
12984,13.53609276
12987,10.75455475
12990,2.310956001
12991,2.947144508
12996,36.45264435
12997,19.09316826
12999,17.15214157
13006,29.70630455
13013,2.763475895
13025,15.27804375
13031,5.444824219
13032,3.866182566
13045,4.05434227
13046,5.862261772
13050,17.12949562
13051,16.71185303
13057,23.60973167
13065,8.16838932
13067,6.952665329
13070,2.692409039
13074,6.573881626
13076,8.062824249
13081,22.84695435
13087,4.789862633
13109,13.27193356
13116,18.32422447
13121,26.33539963
13125,5.599520683
13127,10.07647896
13131,16.0631237
13145,13.50665092
13146,8.917002678
13149,13.83352661
13156,11.67730331
13168,21.40163422
13171,16.18479538
13178,18.97340965
13183,16.81685066
13184,27.38785934
13192,14.23279095
13193,17.40167427
13200,11.65282631
13216,8.88482666
13221,15.36190224
13223,25.84385872
13224,25.69576645
13226,13.66057205
13230,10.09035397
13232,16.90633965
13233,24.77534103
13234,9.843511581
13237,6.895596027
13239,4.349944115
13245,10.59070778
13258,11.03443146
13261,12.25473404
13269,24.49580383
13279,2.995340824
13281,24.73283768
13283,4.360242844
13284,10.54444695
13288,18.72489548
13296,23.09156799
13299,0.97401166
13304,14.93017292
13319,11.31856251
13323,3.129869938
13324,2.283370018
13331,14.5602169
13333,12.2474947
13341,20.1808033
13350,12.92073917
13364,8.966157913
13368,16.24726868
13379,1.115730047
13380,4.902227879
13383,9.842365265
13386,8.764933586
13392,18.1677742
13395,8.431445122
13399,6.636419296
13401,8.186193466
13403,16.75677681
13404,9.902937889
13407,10.74048042
13409,14.89778709
13411,16.11261749
13414,11.62600517
13417,3.979021549
13422,8.841356277
13428,5.23137331
13429,30.54899216
13440,7.770174026
13446,15.42233467
13450,12.83385181
13452,13.43388367
13455,10.46296883
13456,27.70270157
13467,21.01774597
13472,7.933444977
13479,17.07900238
13481,16.46089935
13489,12.01096344
13490,14.22668076
13493,20.5488205
13500,6.037793159
13503,14.96350098
13507,12.16314697
13516,18.40930939
13518,15.23848057
13519,10.15330887
13521,13.80314636
13527,8.769317627
13537,5.798979759
13545,5.307621956
13547,4.182826996
13550,5.061569214
13564,13.09928799
13565,17.40776825
13568,8.814557076
13575,10.39761162
13584,33.8681488
13596,10.0467968
13598,10.79801846
13605,14.87092209
13612,7.653872013
13621,15.71631241
13622,5.650167465
13623,10.80803871
13629,9.044104576
13635,9.949354172
13645,12.2770319
13652,16.90936089
13654,12.97443581
13659,14.01691628
13669,8.58618927
13673,7.711439133
13675,20.55809021
13680,19.15650177
13682,33.9785614
13686,24.47094727
13689,34.3927536
13703,16.56444931
13705,14.66250992
13711,12.37704659
13716,10.87356663
13718,4.708386898
13737,4.522223473
13749,19.27550507
13752,15.18763638
13757,21.5493927
13760,13.79178333
13772,14.55295563
13773,12.33073235
13774,8.220712662
13778,3.363689423
13790,11.75413036
13794,9.750144958
13803,6.774021149
13807,16.21271324
13808,6.018755913
13828,6.682705879
13839,27.63544273
13843,8.155643463
13849,5.048340321
13851,8.856824875
13859,11.67628479
13860,12.35199547
13865,17.15304565
13869,13.85821152
13877,1.74971509
13878,0.723755836
13893,9.271345139
13900,9.417323112
13907,13.58876324
13910,9.900071144
13913,19.26470566
13917,7.980146885
13918,12.1332531
13919,7.031718731
13923,7.599085808
13926,15.71172619
13930,7.215315819
13931,9.150434494
13937,9.430480003
13944,9.701675415
13949,27.06259155
13964,4.454687595
13965,5.361885071
13969,12.94758701
13970,1.551382065
13975,6.413853645
13979,6.363851547
13986,16.92201614
13992,6.211587429
13994,3.297843456
13997,6.18330574
13998,12.60738659
14005,12.12222099
14010,27.80100441
14025,1.824144602
14026,10.62020111
14027,7.687472343
14036,7.574304581
14039,23.73643112
14042,10.86026382
14043,29.3146801
14051,15.48393059
14052,3.467783928
14056,18.99586296
14060,16.29613113
14062,16.95361519
14069,7.900303841
14072,32.17920685
14075,9.390893936
14079,10.17943668
14082,14.26689434
14083,9.338531494
14087,3.388630867
14089,3.418941498
14098,21.4271965
14109,16.19978714
14113,19.14522362
14114,12.90878868
14119,12.25947762
14122,16.69784164
14124,11.80287933
14125,6.441703796
14135,10.17096901
14138,29.41981125
14139,5.292722702
14140,6.339457512
14153,10.18159866
14154,3.625789881
14162,19.31483269
14172,8.714262009
14178,23.47792244
14188,10.55286884
14191,10.20322227
14199,32.04933929
14203,12.96238136
14207,22.56990051
14208,8.639122009
14210,13.72609997
14211,14.38150024
14212,13.63114834
14226,22.56354141
14231,6.616596222
14232,4.971835136
14243,3.621407032
14256,12.29687119
14257,8.79846096
14262,21.38319778
14269,11.04328728
14270,13.60463905
14277,7.039319515
14282,16.84115601
14286,6.92028904
14287,19.8691864
14288,12.99565125
14289,9.112134933
14291,9.646967888
14295,7.108077049
14296,7.35027504
14300,17.75009155
14308,16.34363556
14309,11.93440914
14318,26.92026138
14325,11.33182526
14334,14.28608608
14350,36.44699097
14357,12.92451286
14367,6.055212021
14369,30.25596619
14373,2.064128399
14376,2.935661316
14385,18.65525055
14387,14.98023033
14388,28.88862419
14394,1.586077571
14397,23.55023384
14414,75.54489899
14422,12.63545132
14423,27.40141487
14424,23.30404854
14427,28.79918289
14430,9.171192169
14434,22.22480011
14437,17.09173203
14451,15.83675194
14478,10.70528412
14482,7.794948578
14486,14.89226723
14489,11.42824364
14501,13.7071991
14502,8.739916801
14512,18.01900482
14520,7.193132877
14523,8.709255219
14527,2.01109004
14531,3.948223114
14534,19.31383133
14536,32.43946075
14537,24.21370697
14541,22.04990005
14552,30.83036423
14555,20.9043541
14559,8.03584671
14561,15.35345459
14562,6.204063416
14565,8.168506622
14566,8.927725792
14567,21.77476501
14571,20.45996857
14589,9.090742111
14594,11.58533096
14596,8.51010704
14599,8.950486183
14607,35.57894897
14609,25.57434082
14631,4.363669395
14638,23.66006088
14646,4.393501282
14663,4.077674866
14671,13.22337914
14680,24.95264244
14683,25.78110504
14686,20.14183426
14688,16.25208664
14696,16.84042358
14715,3.141729355
14716,3.872595072
14721,4.469802856
14743,16.41038322
14749,18.85669708
14755,21.41352272
14788,12.21735001
14794,36.51517487
14806,6.846385002
14818,4.505530834
14820,6.925699234
14821,21.66247177
14823,11.97747612
14824,11.55236721
14828,13.567173
14837,11.94266319
14839,14.40899086
14846,9.785024643
14849,8.264243126
14852,12.39695263
14859,7.870157242
14868,14.0871563
14870,23.69221497
14871,11.20710182
14889,3.534301996
14890,13.78815269
14896,17.93878937
14899,7.767185211
14901,21.98556709
14908,59.15300751
14916,12.03873444
14924,13.34870911
14933,19.4538002
14939,6.728069305
14949,18.47102928
14955,6.003235817
14973,7.301881313
14995,19.14228058
14996,13.18653011
15020,8.493621826
15023,21.83559036
15034,14.81764603
15036,15.13076496
15037,9.370918274
15038,8.794222832
15042,27.43680573
15048,12.42944908
15061,22.41597366
15064,5.384669781
15069,9.630918503
15070,9.917490005
15072,16.13327026
15078,26.79860115
15083,36.97693253
15087,7.353656769
15088,23.97171211
15089,8.026061058
15093,8.117793083
15096,14.54531765
15106,19.77177429
15125,15.93005085
15129,10.51802254
15140,21.71422768
15147,11.64482594
15149,10.72747326
15151,0.918084621
15152,18.88791275
15156,15.71646118
15158,20.89854431
15160,15.17709827
15166,21.05070877
15169,12.86822701
15177,15.97496223
15183,5.555241108
15193,24.36483574
15195,20.72607994
15198,30.58948517
15200,5.592781544
15202,5.168068886
15206,13.62649345
15222,4.473558426
15223,5.383477211
15226,26.2089653
15228,26.28764153
15229,27.76763535
15233,17.76957321
15240,11.69680405
15246,11.57126999
15251,6.005478382
15253,13.14192581
15254,19.45691681
15261,22.55877686
15265,8.325231552
15271,15.23713493
15275,12.51195145
15282,14.51960373
15305,5.063839912
15309,2.689546824
15313,13.49771118
15317,7.000894547
15328,24.48664856
15338,21.27520752
15343,12.97637177
15346,23.01219559
15349,12.73730087
15352,13.17799568
15358,7.532487869
15360,24.53472519
15368,7.10622406
15369,20.40961266
15372,14.07677078
15373,9.659526825
15374,8.504379272
15379,6.68917799
15384,6.553513527
15385,13.66906166
15398,33.3097229
15407,17.95068741
15408,50.40267181
15417,17.29631424
15422,2.722421885
15432,4.95050621
15433,6.167715073
15434,29.50527954
15438,6.764814854
15441,12.55338478
15444,17.1469574
15449,40.43294907
15457,4.085168362
15463,3.305040121
15476,17.25996017
15485,20.28725243
15493,17.10354996
15504,6.111585617
15507,5.296221733
15512,7.799511909
15514,2.603432417
15515,4.472341061
15517,17.18601608
15520,4.828090668
15522,6.606500626
15523,3.196316957
15524,7.383157253
15525,5.71264267
15534,19.87541199
15552,15.21843624
15562,9.584177017
15563,25.32013702
15577,4.687296867
15585,8.342285156
15586,13.84237766
15587,15.75576973
15588,11.35203552
15592,3.95186162
15596,27.71929169
15599,3.319351196
15600,45.102314
15627,8.999752045
15632,15.31637287
15635,26.47463608
15636,9.36589241
15638,5.049621582
15639,9.297204971
15641,9.71905899
15649,13.53083801
15670,6.938361168
15674,12.16747284
15679,17.67973709
15686,6.151461124
15688,3.633186817
15707,24.88750076
15708,16.48593712
15710,11.18859291
15711,23.92214012
15715,13.46370506
15717,16.85762024
15721,25.62736511
15728,19.50099182
15735,23.41874695
15740,23.80905533
15743,17.60984421
15745,15.44146538
15747,6.448910713
15748,6.544537544
15751,4.868081093
15761,2.483806849
15768,33.81719589
15770,10.94444466
15775,11.03273869
15781,12.25965881
15787,8.431836128
15795,5.147950172
15796,18.73155022
15810,6.72389698
15812,12.83185196
15822,23.80784607
15826,5.254647732
15830,30.05869102
15836,12.97477245
15845,12.92127037
15848,7.568388939
15850,13.91278076
15876,14.47145081
15883,29.75994682
15887,25.64900398
15892,21.65210342
15896,34.67757034
15899,4.850196362
15901,11.88696671
15906,11.72101784
15913,18.35167694
15916,13.14357281
15920,17.06537819
15921,25.78800774
15924,3.450255871
15927,13.88612461
15934,18.94571877
15935,13.31616211
15941,34.18640518
15945,26.7820015
15950,32.26357269
15954,15.492733
15979,15.30834198
15988,15.68202019
15990,7.204604149
15996,8.478898048
15997,7.329955101
15998,4.657533646
16001,12.56912231
16002,12.87038612
16009,11.44679546
16013,20.31638527
16014,11.41778374
16018,6.465932369
16019,22.54395294
16021,7.134975433
16029,13.57426071
16032,12.72364521
16034,11.66318226
16035,36.43959808
16044,14.27408886
16048,9.556783676
16052,25.92584801
16061,13.91590691
16063,10.17352772
16077,14.8879776
16082,14.27963257
16086,7.845322609
16087,14.67879868
16093,22.77672577
16100,7.06890583
16103,24.7799015
16106,12.64726353
16127,25.95300865
16133,27.5163269
16140,22.21110535
16152,15.32816124
16157,8.619911194
16163,22.90265656
16165,38.1711731
16170,29.24171829
16173,10.8669548
16184,6.574348927
16194,27.6844101
16198,5.408817291
16199,4.64169836
16209,10.68365002
16211,5.231349468
16212,12.75975418
16216,16.03529167
16220,11.32162952
16230,25.43497658
16232,7.471642494
16237,5.248799324
16241,4.185504913
16244,9.081946373
16279,29.90834999
16280,22.0769043
16281,10.51679325
16282,12.3327589
16285,13.43113518
16294,9.756548882
16299,15.8204937
16300,22.18242264
16309,12.80966759
16311,13.10271072
16312,9.663505554
16314,3.276882887
16322,15.21763706
16335,8.992938995
16336,6.323726654
16347,15.73634434
16353,2.903594494
16363,12.73730659
16364,31.6185379
16369,17.18663788
16370,3.40961051
16371,4.602137566
16376,9.777627945
16377,11.43458939
16378,11.22293663
16380,3.309341431
16385,10.64886379
16388,25.32732582
16389,2.705316544
16390,9.665535927
16391,9.083735466
16393,7.928975105
16405,10.12467957
16406,16.84910583
16422,8.436764717
16433,11.75316143
16436,11.52416801
16438,17.20365143
16446,20.04024887
16448,8.928031921
16456,7.492731571
16458,5.6790905
16462,19.03537369
16478,9.296813011
16482,9.493829727
16489,1.779614568
16499,20.48804283
16500,9.200706482
16509,7.621623039
16514,8.877153397
16517,6.699026108
16521,29.49443817
16523,12.94798279
16524,8.19350338
16526,38.78150177
16530,17.15789032
16531,22.94895935
16538,8.862864494
16542,21.87514687
16544,6.36758852
16566,27.10723114
16575,13.83260822
16585,23.21953201
16589,19.65373802
16590,10.39907169
16608,11.1631031
16609,33.77878571
16610,20.51864052
16616,14.85084438
16625,6.458761215
16633,13.6524601
16639,6.616239548
16644,13.02753639
16646,27.83414268
16648,13.73149967
16653,26.68441391
16654,11.55058193
16661,5.931110859
16662,9.187666893
16669,9.694295883
16673,15.50921249
16678,17.20348167
16690,11.95748138
16691,11.6678524
16701,4.340459347
16713,7.267721176
16715,19.77822495
16724,25.59753609
16725,13.6590023
16729,31.79738998
16732,12.69520378
16748,7.809662819
16749,5.806769848
16753,14.57114697
16754,14.89611244
16766,13.29751396
16767,5.111897469
16774,22.63993835
16779,17.8380928
16789,6.936059475
16807,13.22895622
16832,6.705666542
16835,18.5574894
16838,10.35668755
16843,58.35070038
16848,16.3986454
16850,22.94738388
16859,13.30137825
16866,16.61846352
16873,4.864204884
16881,12.89520073
16896,13.0286293
16898,22.29471016
16901,8.332691193
16905,18.58455467
16907,9.48883152
16910,18.97691154
16913,8.213651657
16915,8.84101963
16920,15.52762794
16921,41.84214401
16923,10.43242645
16940,9.558319092
16943,11.6909771
16955,12.52507019
16958,15.31531906
16959,11.24305534
16964,31.13981628
16965,6.998749733
16967,11.08944035
16977,6.745792866
16980,16.4236412
16984,13.26710415
16986,7.374389172
16990,9.631406784
16994,32.6475029
16998,22.29677963
16999,7.227674007
17014,12.62218094
17015,16.82309341
17018,5.011091232
17019,6.133999825
17022,8.216349602
17028,7.148414612
17029,18.27600098
17030,8.693461418
17033,4.169724941
17042,12.69870472
17043,10.00551796
17044,5.370342731
17053,14.21836472
17055,11.13423729
17058,16.35202408
17063,13.94726753
17069,12.62299347
17070,4.647554398
17071,14.22241211
17072,6.192682266
17073,40.30944061
17076,12.17552662
17079,12.6149044
17081,30.33044052
17082,37.49090958
17087,27.61834717
17091,25.94397354
17100,13.60753822
17101,5.588368416
17111,7.261847496
17144,8.220119476
17153,20.75114059
17154,12.64070702
17159,6.497158051
17160,3.576770306
17162,2.34817028
17175,16.06070137
17186,19.07620811
17208,13.48369312
17209,14.19723129
17214,20.63706207
17216,15.92139626
17228,5.940607071
17247,3.841696739
17251,5.91197443
17258,15.46786785
17260,15.83927536
17266,12.7964716
17270,12.62554169
17275,4.740018845
17289,14.34964943
17294,8.416782379
17297,11.30008698
17301,9.753405571
17302,19.27250099
17304,6.378360271
17308,7.546183586
17312,6.205317974
17313,4.535146713
17317,10.87203789
17320,27.69009209
17332,27.16643715
17334,41.50209045
17337,32.59136963
17338,18.98131371
17340,32.73194504
17343,6.125654221
17347,4.671693802
17350,10.29400349
17356,12.98590851
17359,5.468957901
17364,7.154589653
17368,8.39774704
17370,5.592681885
17371,7.341117859
17373,8.439260483
17374,31.8990593
17375,17.27196121
17376,9.050569534
17412,21.16046906
17413,19.81347656
17420,5.206666946
17421,11.80466843
17424,9.50979805
17432,6.448638916
17434,8.037269592
17438,4.259004593
17447,3.975585938
17449,5.084727764
17450,7.38670969
17453,14.46854019
17456,13.74459839
17461,9.616163254
17478,11.8175087
17482,26.57582855
17484,17.58122826
17506,5.767816544
17508,4.086026192
17514,1.118119478
17519,2.379180193
17520,3.699271202
17522,18.53806686
17532,17.98023224
17543,25.06133652
17563,16.84205818
17568,11.81275463
17569,10.29031181
17575,20.85102844
17582,15.72694778
17586,11.43572998
17589,14.53563118
17602,25.77594757
17611,12.37504578
17618,10.16118431
17622,10.60750771
17625,5.27270031
17630,11.73125839
17633,13.14103127
17640,15.16259861
17641,4.597430229
17642,16.03697586
17649,13.45467377
17650,8.725747108
17658,10.1181345
17660,5.57252121
17674,20.87125015
17675,10.12029171
17677,8.71777916
17685,5.865231991
17692,23.1748085
17709,3.809343338
17715,10.34426785
17717,10.29743767
17721,21.53022003
17722,10.79153824
17727,11.57179928
17732,8.681904793
17740,17.76380348
17748,17.7561245
17749,11.91623974
17764,11.33816051
17770,12.54272461
17771,12.48171902
17773,16.90652847
17774,13.24241543
17815,21.80352402
17823,12.81336784
17824,17.48845291
17826,11.83101845
17832,44.93519592
17833,10.65100479
17839,20.15992546
17844,21.03796959
17845,10.62474251
17850,8.546376228
17854,20.22856522
17857,17.92346573
17858,16.40596008
17860,18.63034058
17862,14.8364954
17867,8.898854256
17868,11.28604317
17879,2.405992985
17881,3.504500866
17889,8.409152031
17901,3.440527916
17904,5.080495834
17905,14.97820377
17908,29.07723999
17909,23.98732376
17912,6.816801071
17915,4.812180042
17921,6.704607964
17922,12.64193153
17924,14.09238815
17932,13.63467407
17939,15.60243702
17946,19.41292191
17951,15.54039574
17955,4.752779007
17961,14.53636932
17972,11.25846195
17988,16.66002274
17997,14.16264439
18006,14.10300827
18017,36.30521774
18019,5.629457474
18020,3.002798557
18024,14.95399189
18030,2.286324501
18031,5.751081944
18032,13.63343239
18037,5.905443668
18045,10.96926117
18047,9.258798599
18048,3.074236631
18052,7.391192436
18058,18.54044724
18060,14.52423477
18068,14.26766491
18070,26.65338326
18071,46.75229645
18073,11.62881374
18077,4.667299271
18088,16.36244965
18091,10.85455513
18093,34.12602234
18096,6.234153748
18099,9.526396751
18108,9.853662491
18113,11.57009506
18117,4.840834141
18133,8.06098175
18135,5.426937103
18141,7.540075779
18146,4.490049839
18155,12.89920807
18156,21.22278404
18163,6.924509048
18171,6.720329285
18175,8.748309135
18180,8.467600822
18184,7.990429878
18185,13.80960751
18188,26.58055115
18193,8.153161049
18199,27.4793663
18202,1.112131357
18207,27.02721786
18211,4.468542099
18213,7.090188503
18220,18.53994751
18222,8.862279892
18227,13.07897758
18229,11.42980194
18230,7.626628876
18233,4.018816948
18237,11.62869453
18241,15.86805344
18249,15.44492626
18259,17.85334587
18268,18.59029388
18270,1.269482851
18271,7.698941231
18279,5.035273075
18281,14.93759155
18284,21.47553635
18287,23.96548462
18290,18.0566864
18291,15.28005123
18297,2.85470438
18309,4.634654999
18311,4.534613609
18313,19.10661697
18322,16.98918343
18330,9.689375877
18333,47.90565109
18343,5.735013008
18344,22.0457592
18351,17.56886101
18352,18.1310997
18354,7.95242691
18360,14.13289452
18373,5.001643181
18375,15.79525185
18378,12.46874523
18381,24.49909019
18383,6.982122898
18388,4.738124847
18394,11.54364967
18400,17.09779167
18410,8.25220871
18416,10.35475731
18427,6.438657284
18428,7.951983452
18431,1.76610589
18435,8.931900024
18440,12.2269249
18446,10.19610596
18449,14.49999237
18450,24.5211544
18454,18.59085464
18458,6.869881153
18474,4.545240402
18480,14.86854172
18489,28.84358597
18509,5.900880337
18514,21.24728394
18520,28.24949455
18525,16.61902428
18538,2.138484001
18540,3.300349236
18544,16.96440125
18546,14.52033329
18555,7.973666191
18556,13.93713093
18564,6.274505138
18574,18.02182198
18587,5.844778538
18588,4.363015175
18589,5.424182892
18591,29.99863434
18596,16.03746223
18597,14.02514839
18602,13.57633018
18606,8.982953072
18619,10.97092342
18626,2.798497677
18631,17.37155342
18638,28.09896088
18639,12.04580688
18645,10.9339447
18649,21.84550095
18658,7.376451492
18660,11.90063286
18663,14.42540264
18675,29.95708656
18677,36.6078186
18681,7.834648132
18691,11.58852386
18693,17.13514709
18696,8.931153297
18706,7.802225113
18708,6.301821709
18710,6.671621799
18711,2.968812943
18733,18.92779541
18738,12.35683441
18739,25.88204193
18742,24.14312363
18743,24.35411453
18745,5.745345116
18747,7.246566772
18750,9.398761749
18752,14.22018623
18755,14.97106838
18761,5.401807785
18777,13.48520374
18778,4.712374687
18780,11.12078667
18787,13.97171688
18792,7.185960293
18800,29.39063263
18803,4.957484722
18809,18.83226967
18810,27.59661484
18822,18.59593391
18844,25.98565292
18850,6.964524269
18863,14.65853786
18877,7.264851093
18880,11.26712227
18881,17.35929489
18888,21.8392868
18889,6.530177116
18895,3.919640303
18905,9.598724365
18913,7.448186874
18916,5.241163254
18925,15.80502701
18927,9.312982559
18931,24.79933548
18935,11.00572014
18939,4.123955727
18942,10.02724838
18944,7.809615135
18953,9.75660038
18977,10.44510555
18987,11.72508526
18988,8.745697021
18990,2.600745916
18994,12.8254528
19016,22.11633492
19018,6.187492371
19019,10.56382275
19022,28.37756538
19032,10.99027252
19033,26.56344986
19043,21.82929802
19056,8.571623802
19059,14.24822617
19063,16.42787743
19065,30.24064636
19084,22.68100357
19086,11.82981873
19087,22.74752426
19092,8.236135483
19096,9.344327927
19097,6.35362339
19103,8.641798973
19107,8.504188538
19115,16.65479279
19117,17.49577141
19118,31.59358025
19120,5.43489933
19123,4.676442146
19124,12.21681023
19125,18.66334152
19128,31.22575951
19129,8.784107208
19133,7.919804573
19135,8.300045967
19136,21.44108772
19146,6.647350311
19152,12.63945198
19156,20.25230217
19161,3.348147154
19165,18.95577049
19166,7.235086441
19169,8.696648598
19170,13.10532761
19174,9.831665993
19181,6.939161777
19190,17.23233032
19194,26.91661835
19198,19.5292244
19201,23.76338959
19203,14.69836235
19206,16.31335068
19208,11.14246941
19214,8.613969803
19216,17.73838043
19219,33.78207397
19223,32.15691376
19237,8.709445953
19242,13.98565292
19250,13.93694782
19255,23.5728302
19256,8.622649193
19262,22.22025299
19265,17.3330555
19276,29.09272766
19280,13.37578011
19282,14.86198425
19297,20.05713272
19307,7.787940502
19310,11.22649956
19315,16.58616829
19317,9.584992409
19334,18.42284966
19336,19.70186806
19340,21.9077301
19342,13.38450146
19343,8.43892765
19359,31.5058136
19360,21.48478699
19362,10.84081841
19374,11.71139812
19379,30.83153915
19382,34.83299637
19393,23.31226349
19400,5.486383438
19414,13.61532879
19417,11.77544594
19418,5.102920532
19420,15.99466705
19440,13.15314102
19446,34.22669983
19452,3.488097191
19456,13.58678341
19457,14.07152081
19460,35.38699341
19465,10.55803013
19473,13.12059498
19477,15.97888088
19481,11.08229828
19483,3.846755505
19488,6.949952126
19492,5.272721767
19495,18.74188232
19501,14.1829319
19508,15.8976717
19515,23.64986229
19522,20.01474571
19528,6.018287659
19529,5.630536079
19531,18.53987122
19533,16.10256195
19535,9.246893883
19539,8.328816414
19541,13.67785072
19553,13.06866646
19558,10.59692383
19561,5.836015701
19563,5.925063133
19576,14.21927071
19577,7.217849255
19585,20.10383415
19588,20.50572586
19590,7.218290329
19593,8.681663513
19607,6.761868
19611,11.01566696
19614,17.61069107
19615,8.141178131
19623,11.67152309
19625,4.506646633
19626,57.04827881
19631,8.269334793
19655,14.47520351
19672,5.987520218
19686,14.82094955
19688,16.09915924
19694,4.564077377
19696,19.49003029
19698,7.94960022
19702,7.97724247
19705,3.589363575
19708,11.30281258
19711,7.718175411
19719,10.82900429
19726,22.92824936
19729,14.81928349
19738,23.10425568
19753,5.803706169
19758,6.85000515
19760,21.73358536
19764,25.8440094
19765,18.5150013
19769,35.91574478
19778,23.03127861
19795,18.50886154
19811,4.420386314
19812,18.59888649
19816,16.55467796
19826,15.03084946
19830,12.07431984
19835,14.87426472
19836,43.33509827
19846,18.01245499
19856,7.564684868
19860,23.08118629
19861,5.543684959
19864,11.22373962
19870,19.15209579
19872,26.03653336
19875,10.44791317
19880,15.31224155
19881,7.847177505
19891,23.04392242
19892,12.23280144
19894,10.70991993
19895,8.815921783
19896,12.41169739
19898,8.147032738
19899,10.38278294
19901,6.226593018
19906,5.072505951
19909,7.575364113
19911,9.530362129
19914,34.08990097
19915,9.656851768
19916,18.83974457
19922,14.38498878
19924,12.09635162
19933,5.357009888
19935,4.366478443
19945,27.04347992
19957,22.52123451
19963,13.54920387
19965,5.653242111
19968,20.10436821
19969,15.14270973
19975,3.219410896
19978,8.327688217
19979,11.76652145
19982,13.78415489
19983,14.2847023
19989,9.966140747
19994,20.10826874
19999,11.02125549
20004,8.887029648
20014,15.62101173
20017,16.75403595
20020,15.76415253
20022,14.48455048
20028,25.01796341
20035,10.08736992
20042,13.2266407
20045,2.271910191
20046,5.731207848
20047,20.50367165
20049,23.65297318
20050,10.942626
20055,14.22312737
20057,13.19325161
20059,2.561408997
20061,10.34108067
20074,15.86507988
20079,31.98119736
20080,25.07843971
20085,27.46955872
20087,14.98491859
20098,22.15100098
20103,8.872848511
20119,10.59753227
20120,12.07488823
20121,20.03969193
20123,6.542236328
20128,12.26784897
20137,7.860411644
20144,10.22844505
20147,20.83430481
20153,13.88748741
20159,14.58486176
20162,5.93996954
20164,12.19465828
20167,21.76803589
20172,7.430544853
20177,38.46427155
20190,7.333051682
20192,7.924454689
20222,7.986076832
20223,9.645082474
20224,31.50154114
20226,23.99549484
20227,6.837900639
20229,6.314165115
20233,12.43983269
20234,15.80583668
20238,12.08515835
20240,6.940330505
20249,13.59544086
20252,12.12533951
20259,14.18132114
20260,16.57516289
20264,8.9140625
20266,2.698300838
20267,18.02250099
20270,6.417653084
20275,15.33868217
20277,18.49796677
20290,21.45165634
20300,6.46298027
20301,17.47143555
20309,10.47587395
20311,14.63021088
20314,6.962242126
20319,7.162040234
20320,5.986211777
20330,7.184682846
20343,16.426651
20347,4.672773361
20349,15.00212574
20351,4.997416496
20352,10.2222414
20358,12.76038837
20362,3.132319212
20377,19.87051773
20382,11.8946476
20384,6.341379166
20392,8.515997887
20397,5.577190399
20402,8.074514389
20404,5.939135551
20405,14.89063263
20412,21.27913284
20414,15.29728127
20437,18.68390465
20443,26.33796692
20445,30.77237511
20454,6.704164028
20455,10.36330605
20460,13.71336174
20463,10.62820625
20467,12.4569416
20474,4.432927132
20476,7.533722878
20479,42.61381531
20482,16.41617393
20484,6.476037025
20489,8.340803146
20491,13.84113503
20504,45.4127388
20505,9.495604515
20508,17.8312645
20512,16.84202194
20514,10.34837723
20518,11.98954391
20527,7.553949356
20530,5.171468258
20540,11.87541866
20546,8.699436188
20549,26.05879974
20559,14.01088333
20561,19.36985779
20562,11.03859138
20566,15.657444
20567,14.15955925
20568,21.66311836
20570,9.194042206
20573,17.11671638
20574,15.56062126
20581,12.47495461
20583,13.54590607
20587,12.46116257
20588,12.39763451
20593,9.907289505
20601,11.77993584
20607,8.99004364
20609,20.50572205
20611,26.90607071
20618,31.83830452
20626,7.965380669
20633,19.43409348
20645,14.33293915
20648,10.44579887
20652,4.317216873
20656,9.116429329
20666,17.36460304
20669,6.840055943
20673,9.434719086
20682,9.477675438
20686,16.37041283
20691,7.005702019
20695,4.784811497
20712,39.92640686
20717,16.95690155
20718,26.86167526
20723,13.2282114
20727,8.67582798
20739,15.84313393
20740,10.84880733
20750,8.320541382
20764,9.646827698
20782,9.208429337
20794,11.91971779
20796,15.20594215
20797,13.91060066
20806,12.15647697
20817,21.74971581
20823,9.082977295
20830,32.89384842
20831,34.26283646
20839,16.98057938
20852,11.52026367
20856,12.98227119
20857,21.68750572
20859,9.734556198
20863,2.887295723
20865,16.8004837
20867,7.054104805
20872,12.61736679
20876,7.689054966
20877,10.94038773
20879,23.62911606
20880,5.830490589
20885,2.676337242
20886,28.79561996
20889,1.194523692
20890,2.560791731
20892,6.964789867
20893,4.20929575
20898,12.35739136
20900,10.9159565
20902,7.057544708
20914,13.83183861
20915,19.13285828
20916,9.160048485
20923,26.74647522
20926,31.98904228
20927,3.863482475
20928,10.57859039
20932,8.753639221
20937,21.96305084
20938,11.14229012
20939,6.651628971
20943,43.7108078
20944,13.72075844
20950,7.271965027
20957,23.14895821
20960,22.1743927
20963,15.2645731
20971,19.91975594
20972,18.08000374
20980,9.157361984
20994,15.49111557
20998,20.44093704
21002,18.58031654
21005,22.76519394
21008,22.35367966
21011,29.96861267
21015,8.08251667
21019,24.13935471
21020,26.3549614
21028,18.80007172
21037,28.23114395
21042,17.50985718
21043,32.10302353
21061,14.88183784
21063,15.81429863
21069,25.66892624
21074,11.9338026
21077,14.83205032
21078,10.46089458
21084,16.83666611
21091,11.25981426
21098,9.071712494
21102,16.69042206
21103,8.661961555
21106,11.64738655
21118,16.47361374
21119,7.06330204
21136,18.71374893
21137,10.55824089
21146,4.261119843
21147,3.519126415
21148,14.62967968
21149,8.030103683
21160,6.317795277
21164,18.05947304
21168,14.39192772
21171,20.50164223
21179,6.664916992
21193,9.358376503
21198,14.23796272
21206,18.50484848
21208,9.211595535
21214,13.60388374
21219,36.79816437
21221,8.585330963
21224,14.62135601
21225,13.86147308
21229,20.12527084
21233,21.52662659
21243,6.820025444
21244,18.90590858
21246,6.479372978
21253,17.52264214
21255,11.80628777
21261,19.29323959
21271,24.19836807
21275,16.07021141
21276,24.301651
21277,12.92266464
21284,4.816245079
21286,6.025435448
21288,22.30680656
21295,18.12421799
21296,9.06772995
21298,24.36056519
21299,12.17131996
21306,6.9874506
21311,4.901274681
21330,9.09560585
21334,13.96338749
21340,4.640792847
21352,6.725488186
21355,12.10371017
21356,13.62642956
21357,5.621774197
21361,13.29945946
21364,7.848388672
21365,5.066552639
21366,12.84738541
21376,31.63701248
21379,18.77939987
21385,9.220022202
21389,6.755621433
21393,2.324567556
21395,12.10969734
21396,5.287467003
21398,14.56333065
21404,9.640017509
21413,3.871706963
21415,20.21676064
21425,4.479839802
21426,3.693994045
21433,4.058819771
21436,31.03517532
21440,49.14334869
21446,12.98885345
21450,10.41301155
21464,17.86312866
21465,2.604516268
21471,3.043732166
21472,2.300341129
21484,14.07928467
21492,6.595221519
21494,16.04473877
21497,21.59912872
21500,20.88709259
21504,5.047982216
21514,4.602736473
21516,7.858706474
21517,7.940306664
21518,6.918279648
21527,5.381706238
21549,11.22574997
21550,13.10462379
21555,19.23399162
21556,19.55165863
21560,24.10686874
21564,21.85176277
21565,29.3032341
21572,33.7336235
21575,16.27034378
21604,12.51716805
21608,14.07908535
21610,6.412372589
21614,19.91196251
21616,15.18179893
21617,10.04591656
21619,10.61505413
21621,11.51902294
21629,39.61318588
21633,10.71062851
21647,15.8292942
21652,9.488554955
21664,9.240804672
21665,9.909946442
21670,8.15536499
21671,23.08408737
21672,9.975376129
21675,13.0343399
21676,37.05914307
21689,17.59918213
21699,13.87969971
21705,17.56186867
21711,16.24134445
21713,12.80861855
21721,10.77370167
21722,3.581465721
21733,6.820855141
21736,27.09454155
21742,15.37717438
21745,15.81888771
21748,4.814228058
21749,12.58501816
21752,4.570715904
21759,6.699419975
21760,3.038809538
21763,11.46321392
21768,26.15627289
21771,3.715532303
21772,6.618814468
21775,12.19298172
21776,5.847177505
21780,9.404560089
21786,4.472258568
21787,4.76154995
21798,4.637778282
21802,6.497522354
21807,6.805860519
21835,12.97919655
21836,5.882513046
21841,7.34473896
21844,10.62929058
21846,16.45964813
21847,11.62913513
21849,11.52598286
21856,14.25441837
21857,9.982174873
21870,18.25456619
21873,20.4297123
21879,18.58411789
21888,8.588061333
21891,9.536255836
21892,21.22112274
21896,24.38824081
21902,41.58973694
21906,13.46256256
21915,22.56972694
21921,3.051467896
21926,21.7398777
21930,19.90073013
21934,12.74977112
21937,14.88786221
21938,2.479040384
21939,15.69802475
21948,16.05879211
21949,17.77476501
21953,7.39881897
21957,7.121010303
21958,15.17822838
21962,9.541431427
21970,12.41846848
21975,21.80255508
21979,4.409014702
21980,3.286441803
21983,8.914276123
21984,7.578577518
21991,11.08125019
21997,14.01347446
21999,9.327991486
0,0
0,0
0,0
0,0
0,0
0,0
0,0
0,0
0,0
0,0
0,0
0,0
0,0
0,0
0,0
0,0
0,0
0,0
0,0
0,0
0,0
0,0
0,0
0,0
0,0
0,0
0,0
0,0
0,0
0,0
0,0
0,0
0,0
0,0
0,0
0,0
0,0
0,0
0,0
0,0
0,0
0,0
0,0
0,0
0,0
0,0
0,0
0,0
0,0
0,0
0,0
0,0
0,0
0,0
0,0
0,0
0,0
0,0
0,0
0,0
0,0
0,0
0,0
0,0
0,0
0,0
0,0
0,0
0,0
0,0
0,0
0,0
0,0
0,0
0,0
0,0
0,0
0,0
0,0
0,0
0,0
0,0
0,0
0,0
0,0
0,0
0,0
0,0
0,0
0,0
0,0
0,0
0,0
0,0
0,0
0,0
0,0
0,0
0,0
0,0
0,0
0,0
0,0
0,0
0,0
0,0
0,0
0,0
0,0
0,0
0,0
0,0
0,0
0,0
0,0
0,0
0,0
0,0
0,0
0,0
0,0
0,0
0,0
0,0
0,0
0,0
0,0
0,0
0,0
0,0
0,0
0,0
0,0
0,0
0,0
0,0
0,0
0,0
0,0
0,0
0,0
0,0
0,0
0,0
0,0
0,0
0,0
0,0
0,0
0,0
0,0
0,0
0,0
0,0
0,0
0,0
0,0
0,0
0,0
0,0
0,0
0,0
0,0
0,0
0,0
0,0
0,0
0,0
0,0
0,0
0,0
0,0
0,0
0,0
0,0
0,0
0,0
0,0
0,0
0,0
0,0
0,0
0,0
0,0
0,0
0,0
0,0
0,0
0,0
0,0
0,0
0,0
0,0
0,0
0,0
0,0
0,0
0,0
0,0
0,0
0,0
0,0
0,0
0,0
0,0
0,0
0,0
0,0
0,0
0,0
0,0
0,0
0,0
0,0
0,0
0,0
0,0
0,0
0,0
0,0
0,0
0,0
0,0
0,0
0,0
0,0
0,0
0,0
0,0
0,0
0,0
0,0
0,0
0,0
0,0
0,0
0,0
0,0
0,0
0,0
0,0
0,0
0,0
0,0
0,0
0,0
0,0
0,0
0,0
0,0
0,0
0,0
0,0
0,0
0,0
0,0
0,0
0,0
0,0
0,0
0,0
0,0
0,0
0,0
0,0
0,0
0,0
0,0
0,0
0,0
0,0
0,0
0,0
